,index,id_clientes,Edad,Salario_Estimado,Saldo_Bancario,Genero,Nivel_Educativo,Acepta_Tarjeta,Estado_Civil_Divorciado
0,0,1001,-0.6250941802022416,0.9191450300180579,1.3296653432127958,1.0,0.16012815380508713,0,False
1,1,1002,0.8145166590514058,-0.6565321642986128,0.4333938893806856,0.0,0.16012815380508713,1,True
2,2,1003,-1.6100910702178952,-0.6565321642986128,-0.1875857077636322,1.0,-1.12089707663561,1,False
3,5,1006,-0.549325188662576,0.13130643285972254,0.6170830733725146,1.0,1.4411533842457842,0,False
4,6,1007,1.1175926252100685,-0.6565321642986128,-1.5112173620043594,1.0,-1.12089707663561,1,False
5,7,1008,-1.00393913790057,-0.6565321642986128,-0.5130527566666476,1.0,-1.12089707663561,0,False
6,8,1009,0.7387476675117401,2.2322093586152834,-1.3224926812730098,1.0,1.4411533842457842,1,False
7,9,1010,1.1175926252100685,-0.6565321642986128,1.1542062017416528,0.0,0.16012815380508713,1,False
